Area,Total_Street_Lights,Working_Lights,Not_Working_Lights
Tambaram,1353,1170,183
Kodambakkam,380,369,11
T Nagar,749,585,164
Ambattur,233,150,83
Tambaram,838,638,200
Chromepet,605,380,225
Ambattur,732,504,228
Sholinganallur,1619,1541,78
Porur,1137,1071,66
Perambur,840,528,312
Nungambakkam,816,577,239
Nungambakkam,873,694,179
Adyar,1079,701,378
Tambaram,1264,859,405
Adyar,1835,1748,87
Ambattur,1483,1410,73
Guindy,1980,1425,555
Anna Nagar,1626,1145,481
Adyar,1962,1786,176
Kodambakkam,351,227,124
Guindy,476,460,16
Nungambakkam,773,717,56
Anna Nagar,357,253,104
Kodambakkam,310,192,118
Perambur,985,653,332
Velachery,480,418,62
Perambur,1986,1770,216
Kodambakkam,840,613,227
Sholinganallur,456,380,76
Sholinganallur,822,647,175
Kodambakkam,1796,1511,285
T Nagar,812,520,292
Nungambakkam,1829,1498,331
Ambattur,978,930,48
T Nagar,840,732,108
Chromepet,281,185,96
Anna Nagar,1926,1560,366
Guindy,1241,1182,59
Royapettah,259,184,75
Tambaram,1574,1151,423
Perambur,1831,1255,576
Kodambakkam,1925,1759,166
Tambaram,232,184,48
Anna Nagar,529,462,67
Guindy,439,302,137
Nungambakkam,893,684,209
Sholinganallur,1611,1439,172
Kodambakkam,1424,877,547
Tambaram,1199,828,371
Adyar,204,123,81
Nungambakkam,1062,993,69
Chromepet,746,651,95
Guindy,1754,1545,209
Sholinganallur,626,558,68
T Nagar,1787,1195,592
Adyar,867,590,277
Tambaram,1108,870,238
Mylapore,1861,1377,484
Adyar,214,184,30
T Nagar,1611,1039,572
Adyar,561,473,88
Nungambakkam,1944,1584,360
Kodambakkam,695,565,130
Nungambakkam,1933,1267,666
Porur,419,255,164
Royapettah,328,217,111
Royapettah,1540,1403,137
Adyar,1773,1705,68
Guindy,1646,1183,463
Royapettah,1533,1415,118
Mylapore,1822,1567,255
Porur,889,711,178
Adyar,1702,1213,489
Royapettah,224,196,28
Anna Nagar,1040,1034,6
Nungambakkam,542,436,106
Guindy,1692,1513,179
Sholinganallur,1730,1512,218
Sholinganallur,664,574,90
Velachery,1942,1407,535
Tambaram,269,183,86
T Nagar,1610,1452,158
Guindy,1308,893,415
Sholinganallur,1010,748,262
Chromepet,509,305,204
Chromepet,1824,1229,595
Anna Nagar,299,210,89
Kodambakkam,872,830,42
Porur,1158,952,206
Ambattur,1083,900,183
Guindy,1942,1427,515
Sholinganallur,526,386,140
Perambur,710,583,127
Guindy,1051,959,92
Chromepet,1351,1301,50
Kodambakkam,895,606,289
Kodambakkam,1160,1135,25
Porur,986,742,244
Mylapore,1255,990,265
Mylapore,324,197,127
Kodambakkam,1171,931,240
Tambaram,889,818,71
Chromepet,1085,928,157
Velachery,1376,843,533
Sholinganallur,1083,991,92
Sholinganallur,960,670,290
Chromepet,529,515,14
Anna Nagar,541,457,84
Nungambakkam,548,336,212
Porur,964,636,328
Guindy,1085,867,218
Nungambakkam,568,413,155
Kodambakkam,445,295,150
Velachery,933,710,223
T Nagar,1810,1564,246
T Nagar,831,769,62
T Nagar,667,615,52
Adyar,608,463,145
Perambur,1720,1342,378
Royapettah,1823,1245,578
Guindy,1024,867,157
Nungambakkam,1072,644,428
Guindy,1280,901,379
Perambur,1344,1166,178
T Nagar,475,336,139
Porur,1339,911,428
Anna Nagar,1404,1193,211
Royapettah,1155,703,452
Nungambakkam,1893,1726,167
Mylapore,1133,939,194
Nungambakkam,923,581,342
Adyar,355,331,24
Adyar,518,399,119
Kodambakkam,1164,1068,96
Porur,1027,712,315
Anna Nagar,265,183,82
Kodambakkam,1222,990,232
Velachery,1490,1195,295
Tambaram,970,775,195
Anna Nagar,1791,1373,418
Adyar,1493,1425,68
Porur,1728,1519,209
Perambur,1950,1846,104
Guindy,1716,1041,675
Tambaram,1394,918,476
T Nagar,828,585,243
Anna Nagar,943,822,121
Nungambakkam,1172,833,339
Tambaram,1075,718,357
Nungambakkam,1291,976,315
Chromepet,617,528,89
Mylapore,658,424,234
Royapettah,1068,742,326
Sholinganallur,1251,841,410
Velachery,1608,1529,79
Adyar,1412,1397,15
Kodambakkam,1792,1133,659
Velachery,1502,1105,397
Ambattur,921,901,20
Ambattur,1982,1489,493
Perambur,758,536,222
Royapettah,809,588,221
Ambattur,340,329,11
Chromepet,736,490,246
Mylapore,1255,1108,147
Kodambakkam,856,768,88
Velachery,1341,1238,103
Chromepet,281,279,2
Ambattur,620,524,96
Guindy,701,511,190
Guindy,684,655,29
Ambattur,797,769,28
T Nagar,615,605,10
Adyar,303,203,100
Kodambakkam,1058,863,195
Ambattur,909,782,127
Guindy,789,588,201
Ambattur,1908,1372,536
Kodambakkam,1524,1362,162
Adyar,1033,738,295
Mylapore,285,224,61
Nungambakkam,1259,895,364
Porur,785,513,272
Adyar,1243,825,418
Royapettah,300,202,98
Perambur,286,212,74
Royapettah,778,582,196
Ambattur,1280,1201,79
Nungambakkam,1962,1321,641
Nungambakkam,1477,1388,89
Tambaram,1052,679,373
Royapettah,1322,860,462
Porur,793,536,257
T Nagar,1569,1429,140
Kodambakkam,1490,932,558
Ambattur,1193,1108,85
Kodambakkam,1585,1056,529
Tambaram,1887,1347,540
Velachery,1573,1140,433
Chromepet,1562,1469,93
Tambaram,1575,1071,504
Chromepet,1325,1035,290
Velachery,495,454,41
Adyar,1738,1453,285
Royapettah,1546,1511,35
Tambaram,563,554,9
Guindy,1014,685,329
Tambaram,552,370,182
Anna Nagar,1804,1364,440
Ambattur,1322,1187,135
Velachery,1084,795,289
Adyar,324,245,79
Perambur,1324,1130,194
Adyar,486,438,48
Anna Nagar,367,285,82
Anna Nagar,1230,800,430
Adyar,666,424,242
Guindy,707,662,45
Perambur,647,429,218
Kodambakkam,931,816,115
Guindy,1125,1018,107
Sholinganallur,1375,829,546
Porur,366,300,66
Perambur,374,283,91
Chromepet,1421,1027,394
Royapettah,753,653,100
Guindy,384,362,22
Nungambakkam,1398,989,409
Velachery,1170,789,381
T Nagar,1313,1245,68
T Nagar,1473,1345,128
Nungambakkam,1273,1227,46
Adyar,1123,769,354
Mylapore,1892,1195,697
Velachery,333,219,114
Perambur,1567,1295,272
Guindy,1899,1498,401
Sholinganallur,1655,1070,585
Anna Nagar,1250,902,348
Ambattur,852,656,196
Chromepet,1666,1033,633
Tambaram,1741,1319,422
Anna Nagar,1224,773,451
Porur,1580,1184,396
Nungambakkam,304,253,51
Guindy,930,720,210
Anna Nagar,840,512,328
Kodambakkam,615,393,222
T Nagar,1461,1400,61
Porur,1629,1247,382
Royapettah,1859,1276,583
T Nagar,1503,1085,418
Ambattur,1484,1146,338
Royapettah,1013,946,67
Guindy,478,450,28
Chromepet,969,795,174
T Nagar,1803,1259,544
Guindy,1438,1428,10
Ambattur,1171,913,258
Porur,1399,1067,332
Ambattur,1687,1323,364
Guindy,1720,1427,293
Kodambakkam,938,826,112
Porur,1379,1168,211
Royapettah,1759,1573,186
Anna Nagar,1514,1115,399
Perambur,535,379,156
Adyar,950,724,226
Velachery,1299,931,368
Anna Nagar,1456,1401,55
Porur,852,842,10
Chromepet,1072,810,262
T Nagar,1879,1329,550
Royapettah,1682,1101,581
Royapettah,1505,1067,438
Perambur,499,364,135
Ambattur,360,314,46
Guindy,1686,1562,124
Porur,386,349,37
T Nagar,1299,1295,4
Sholinganallur,1817,1565,252
Guindy,1164,983,181
Guindy,979,950,29
Royapettah,1909,1739,170
T Nagar,646,570,76
Porur,1979,1700,279
Adyar,923,704,219
Anna Nagar,925,644,281
Tambaram,1831,1261,570
T Nagar,1079,828,251
Perambur,1518,1501,17
Chromepet,1505,1275,230
Ambattur,651,613,38
T Nagar,657,495,162
Mylapore,1719,1660,59
Porur,1372,1325,47
Kodambakkam,1615,1565,50
T Nagar,218,175,43
Tambaram,570,385,185
Tambaram,763,693,70
Chromepet,1094,1058,36
Guindy,1196,1191,5
Kodambakkam,1492,1250,242
Anna Nagar,1247,1056,191
Tambaram,369,225,144
Kodambakkam,1724,1380,344
Tambaram,1320,876,444
Mylapore,405,305,100
Adyar,1846,1806,40
Porur,1866,1756,110
Mylapore,1447,1051,396
Guindy,1985,1284,701
Sholinganallur,1344,974,370
Ambattur,765,652,113
T Nagar,676,449,227
Adyar,576,383,193
T Nagar,1545,1482,63
Velachery,650,649,1
Tambaram,1709,1642,67
Nungambakkam,1407,1056,351
Ambattur,613,432,181
Guindy,259,206,53
Kodambakkam,662,500,162
Anna Nagar,223,180,43
T Nagar,1169,986,183
Anna Nagar,1810,1566,244
Nungambakkam,404,375,29
Porur,664,484,180
Chromepet,1895,1311,584
Chromepet,510,412,98
Nungambakkam,228,167,61
Royapettah,578,447,131
Anna Nagar,988,635,353
Kodambakkam,1987,1883,104
Kodambakkam,1729,1214,515
Mylapore,1345,830,515
Porur,555,534,21
Tambaram,1766,1657,109
Velachery,651,437,214
Ambattur,1026,985,41
Velachery,1195,768,427
Chromepet,1528,994,534
Royapettah,1098,827,271
Kodambakkam,481,415,66
Guindy,1203,1011,192
Guindy,602,431,171
Guindy,1638,1056,582
Kodambakkam,1472,1215,257
Perambur,318,286,32
Perambur,715,686,29
Kodambakkam,1205,1110,95
Velachery,1582,1290,292
Porur,942,708,234
Tambaram,1753,1403,350
Sholinganallur,1829,1535,294
Porur,1749,1302,447
T Nagar,326,210,116
Tambaram,1492,908,584
Velachery,1028,838,190
Ambattur,1150,1099,51
Chromepet,242,178,64
Mylapore,1634,1077,557
Mylapore,223,142,81
Kodambakkam,1681,1406,275
T Nagar,1553,1370,183
Perambur,914,693,221
Sholinganallur,759,491,268
Guindy,1744,1295,449
Ambattur,234,154,80
Porur,1215,994,221
Anna Nagar,1610,1424,186
T Nagar,684,651,33
Velachery,1117,934,183
Perambur,968,937,31
Kodambakkam,1492,1363,129
Kodambakkam,883,630,253
Anna Nagar,1475,1122,353
Sholinganallur,610,490,120
Velachery,1017,638,379
Adyar,709,553,156
Royapettah,1270,816,454
Sholinganallur,1461,1203,258
Mylapore,839,765,74
Nungambakkam,476,406,70
Sholinganallur,291,263,28
Ambattur,1432,1091,341
Royapettah,1958,1764,194
Adyar,1296,1156,140
Mylapore,580,540,40
Perambur,1556,1291,265
Anna Nagar,595,586,9
Ambattur,950,833,117
Sholinganallur,562,558,4
Kodambakkam,1541,1355,186
Adyar,648,632,16
Royapettah,527,465,62
Kodambakkam,1896,1200,696
Ambattur,711,635,76
Tambaram,618,469,149
Perambur,1745,1223,522
Guindy,447,341,106
Mylapore,677,411,266
Royapettah,1016,949,67
Sholinganallur,407,265,142
Nungambakkam,399,256,143
Tambaram,365,292,73
Kodambakkam,1881,1746,135
Chromepet,1040,954,86
T Nagar,1930,1196,734
Ambattur,1263,1040,223
Velachery,388,252,136
Mylapore,831,707,124
Sholinganallur,233,140,93
Adyar,303,253,50
Tambaram,275,211,64
Perambur,450,371,79
Velachery,1840,1574,266
Ambattur,839,547,292
Nungambakkam,1475,1114,361
Tambaram,1515,1290,225
Tambaram,1562,1067,495
Tambaram,1317,803,514
T Nagar,456,443,13
T Nagar,1609,1285,324
Porur,1012,893,119
Ambattur,1509,1074,435
Royapettah,1217,855,362
Nungambakkam,1703,1397,306
T Nagar,690,545,145
Velachery,1369,1337,32
Porur,1409,879,530
Adyar,1733,1362,371
T Nagar,752,543,209
Mylapore,465,416,49
Ambattur,1190,1033,157
Velachery,1786,1613,173
Royapettah,1084,731,353
Adyar,657,615,42
Guindy,837,696,141
Guindy,428,324,104
Velachery,1002,697,305
Perambur,589,468,121
Mylapore,905,797,108
Mylapore,271,189,82
Chromepet,1641,1570,71
Adyar,1084,740,344
Tambaram,1851,1361,490
Porur,1692,1166,526
Chromepet,659,457,202
Perambur,327,228,99
Perambur,1078,1035,43
Velachery,468,384,84
Royapettah,567,492,75
Velachery,1822,1371,451
Adyar,1125,785,340
Guindy,772,640,132
Mylapore,266,160,106
Sholinganallur,978,615,363
Sholinganallur,1142,854,288
Ambattur,1598,1593,5
Nungambakkam,480,398,82
Anna Nagar,1639,1112,527
Kodambakkam,884,800,84
Kodambakkam,365,219,146
Guindy,1314,1203,111
Perambur,648,543,105
Porur,568,476,92
Chromepet,1209,1067,142
Nungambakkam,1597,1135,462
Adyar,1301,885,416
Chromepet,1963,1571,392
Anna Nagar,835,518,317
Nungambakkam,297,227,70
Anna Nagar,1934,1648,286
Tambaram,309,235,74
Porur,1115,767,348
Guindy,1981,1305,676
Adyar,670,609,61
Kodambakkam,1422,1310,112
Anna Nagar,1973,1553,420
Chromepet,704,700,4
Guindy,1779,1067,712
Guindy,1517,1372,145
Tambaram,264,192,72
Royapettah,1774,1274,500
Royapettah,1597,1077,520
Nungambakkam,593,540,53
Sholinganallur,466,409,57
Chromepet,635,525,110
Porur,1864,1701,163
Anna Nagar,592,584,8
Nungambakkam,1083,999,84
Adyar,330,287,43
Porur,910,678,232
Perambur,384,380,4
Sholinganallur,522,493,29
Ambattur,1813,1664,149
Velachery,1092,1062,30
Tambaram,1609,1341,268
Adyar,1904,1366,538
Tambaram,1622,1140,482
Mylapore,584,556,28
Ambattur,1385,836,549
Perambur,689,536,153
Royapettah,438,339,99
Tambaram,501,496,5
Ambattur,687,544,143
Ambattur,1389,837,552
T Nagar,556,509,47
Velachery,557,416,141
Mylapore,618,534,84
Nungambakkam,240,235,5
Kodambakkam,387,367,20
Perambur,1009,839,170
Adyar,1170,728,442
Nungambakkam,1288,849,439
Nungambakkam,1029,923,106
Chromepet,678,656,22
Adyar,608,420,188
Velachery,1713,1148,565
Ambattur,894,795,99
Adyar,1393,841,552
Nungambakkam,890,783,107
Tambaram,1220,915,305
Porur,710,639,71
Perambur,758,530,228
Porur,907,619,288
Kodambakkam,1833,1746,87
T Nagar,1263,1142,121
Chromepet,1061,696,365
T Nagar,358,257,101
Porur,732,699,33
Royapettah,517,426,91
Nungambakkam,1734,1230,504
Porur,1063,915,148
Royapettah,1343,1134,209
Guindy,1897,1837,60
Porur,1344,1141,203
Perambur,1281,976,305
Chromepet,1750,1389,361
Mylapore,304,284,20
Nungambakkam,1299,1269,30
Nungambakkam,447,348,99
T Nagar,1756,1738,18
Ambattur,412,389,23
Kodambakkam,497,381,116
Guindy,1015,860,155
Mylapore,710,427,283
Perambur,331,249,82
Sholinganallur,1740,1155,585
Kodambakkam,1338,1119,219
T Nagar,1421,1095,326
Velachery,831,508,323
Nungambakkam,666,545,121
Kodambakkam,1134,927,207
Perambur,1325,1200,125
Ambattur,674,456,218
Velachery,1665,1338,327
Porur,261,208,53
Anna Nagar,790,481,309
Porur,1128,1075,53
Tambaram,1445,966,479
Kodambakkam,1497,1337,160
Anna Nagar,612,585,27
Ambattur,1596,1321,275
Sholinganallur,717,561,156
Nungambakkam,1801,1700,101
Nungambakkam,1006,794,212
Guindy,595,369,226
Nungambakkam,256,243,13
Mylapore,470,444,26
Nungambakkam,1368,1108,260
T Nagar,1629,1582,47
Nungambakkam,1490,1258,232
Guindy,950,636,314
Guindy,259,161,98
Nungambakkam,913,832,81
Kodambakkam,789,551,238
Royapettah,305,294,11
Perambur,1103,817,286
Adyar,668,475,193
Adyar,1720,1178,542
Anna Nagar,802,584,218
Kodambakkam,1555,1295,260
Kodambakkam,380,380,0
Kodambakkam,1856,1323,533
Mylapore,1708,1441,267
Kodambakkam,1390,1195,195
Chromepet,506,449,57
Nungambakkam,823,572,251
Adyar,1542,1510,32
Anna Nagar,1675,1583,92
Guindy,727,498,229
Tambaram,605,363,242
Chromepet,1063,1004,59
Mylapore,721,673,48
Perambur,382,337,45
Perambur,408,338,70
Ambattur,789,640,149
Ambattur,1336,1255,81
Kodambakkam,1326,918,408
Guindy,1997,1242,755
Nungambakkam,749,554,195
Mylapore,1512,1373,139
Guindy,1360,1143,217
Nungambakkam,675,662,13
Adyar,1380,845,535
T Nagar,634,483,151
Tambaram,1342,1196,146
Porur,1605,1379,226
Perambur,1761,1304,457
Velachery,1601,1238,363
Tambaram,1076,864,212
Royapettah,231,144,87
Porur,1051,930,121
T Nagar,842,705,137
Mylapore,894,614,280
Adyar,707,646,61
Perambur,723,669,54
T Nagar,1439,1066,373
Kodambakkam,1741,1568,173
Nungambakkam,409,391,18
Tambaram,417,319,98
Velachery,705,423,282
Chromepet,1540,1208,332
Sholinganallur,216,183,33
Mylapore,1564,1500,64
Adyar,466,280,186
Chromepet,1360,1261,99
Anna Nagar,1364,1196,168
Porur,1053,974,79
Porur,906,581,325
T Nagar,1793,1635,158
Nungambakkam,1872,1535,337
Guindy,1932,1663,269
Porur,1456,1441,15
Adyar,932,905,27
Royapettah,1940,1604,336
Porur,765,620,145
Royapettah,1916,1656,260
Perambur,791,481,310
Anna Nagar,1036,705,331
Chromepet,269,250,19
Velachery,583,563,20
Anna Nagar,457,338,119
Velachery,629,566,63
Mylapore,1478,1463,15
T Nagar,535,469,66
Mylapore,710,530,180
Porur,891,889,2
Ambattur,609,382,227
Mylapore,1817,1618,199
Sholinganallur,1773,1401,372
Nungambakkam,655,608,47
Kodambakkam,460,460,0
Anna Nagar,763,519,244
Chromepet,578,543,35
Sholinganallur,224,148,76
Chromepet,1844,1315,529
Anna Nagar,1227,903,324
Anna Nagar,221,190,31
Porur,1122,700,422
Royapettah,1937,1215,722
Porur,585,395,190
T Nagar,1973,1268,705
Ambattur,301,250,51
Tambaram,217,143,74
T Nagar,1252,1165,87
T Nagar,782,752,30
Kodambakkam,1462,1233,229
Sholinganallur,1517,935,582
Porur,1213,1103,110
Tambaram,1056,951,105
Tambaram,1705,1504,201
Velachery,1634,1230,404
Adyar,276,216,60
Anna Nagar,1156,881,275
Guindy,1183,978,205
Mylapore,1911,1777,134
Nungambakkam,367,275,92
Tambaram,1285,878,407
Kodambakkam,831,580,251
Nungambakkam,1693,1506,187
Nungambakkam,326,293,33
Nungambakkam,927,842,85
Ambattur,1927,1392,535
Adyar,1280,856,424
Perambur,1349,1324,25
Ambattur,1464,1230,234
Tambaram,1215,749,466
Perambur,1119,991,128
Ambattur,1510,949,561
Adyar,1510,1434,76
Sholinganallur,623,574,49
Mylapore,1291,1008,283
Royapettah,1872,1840,32
Porur,377,242,135
Porur,216,168,48
Kodambakkam,1173,952,221
Sholinganallur,649,640,9
Tambaram,557,397,160
Kodambakkam,401,312,89
Nungambakkam,297,211,86
Kodambakkam,1573,1007,566
Nungambakkam,1014,943,71
Adyar,358,244,114
T Nagar,1540,1233,307
Royapettah,1261,797,464
Adyar,1567,1197,370
Guindy,573,500,73
T Nagar,623,392,231
Nungambakkam,1758,1231,527
Perambur,337,277,60
Chromepet,1977,1406,571
Tambaram,1857,1391,466
Adyar,1029,808,221
Perambur,1399,1099,300
Anna Nagar,538,407,131
Porur,253,174,79
Porur,246,174,72
Sholinganallur,892,796,96
Sholinganallur,885,846,39
Porur,1961,1469,492
Ambattur,1487,1391,96
Porur,624,612,12
Sholinganallur,1210,845,365
Chromepet,1188,1030,158
Mylapore,1263,1186,77
Tambaram,802,490,312
Mylapore,533,387,146
T Nagar,1816,1814,2
Perambur,942,783,159
Guindy,245,172,73
Nungambakkam,1651,1141,510
Mylapore,1392,1372,20
Tambaram,219,218,1
Royapettah,1817,1318,499
Adyar,1774,1495,279
Ambattur,1638,1456,182
T Nagar,1604,1347,257
Tambaram,637,629,8
Perambur,415,372,43
Sholinganallur,971,775,196
Anna Nagar,491,461,30
Royapettah,955,774,181
Mylapore,1961,1626,335
Mylapore,1154,751,403
Sholinganallur,452,334,118
Velachery,1552,1181,371
Mylapore,612,407,205
Velachery,1760,1131,629
T Nagar,904,814,90
Adyar,1003,956,47
Tambaram,497,379,118
Adyar,513,416,97
Velachery,996,646,350
T Nagar,793,588,205
Guindy,1993,1848,145
Kodambakkam,1245,1035,210
Nungambakkam,603,411,192
Chromepet,256,200,56
Ambattur,296,225,71
Anna Nagar,999,845,154
Tambaram,1243,1074,169
Royapettah,1668,1072,596
Nungambakkam,1854,1242,612
Adyar,555,505,50
Tambaram,753,524,229
Velachery,1961,1798,163
Perambur,325,256,69
T Nagar,636,469,167
Nungambakkam,741,645,96
Velachery,269,224,45
Porur,777,563,214
Sholinganallur,675,434,241
Mylapore,1602,1095,507
Anna Nagar,1298,816,482
Mylapore,2000,1594,406
Chromepet,331,249,82
Mylapore,1760,1551,209
Anna Nagar,1860,1428,432
Anna Nagar,468,355,113
Mylapore,1204,865,339
Adyar,278,243,35
Royapettah,656,553,103
Tambaram,212,139,73
Tambaram,1497,1441,56
Kodambakkam,1084,818,266
Anna Nagar,346,254,92
Kodambakkam,354,216,138
Tambaram,1018,817,201
Mylapore,888,550,338
Sholinganallur,1207,1005,202
Chromepet,630,485,145
Anna Nagar,220,146,74
Chromepet,222,148,74
Sholinganallur,1914,1623,291
Velachery,1117,990,127
Tambaram,1968,1529,439
Royapettah,1514,1093,421
Chromepet,1730,1319,411
Royapettah,728,570,158
Chromepet,1601,1230,371
Ambattur,1340,957,383
T Nagar,1650,1167,483
Porur,1993,1645,348
Guindy,537,349,188
Perambur,1134,1115,19
T Nagar,1025,856,169
Chromepet,416,359,57
Porur,352,245,107
Anna Nagar,1928,1440,488
Perambur,1637,1568,69
Tambaram,1035,944,91
Guindy,525,459,66
Guindy,1936,1615,321
Adyar,661,492,169
Ambattur,1605,1556,49
Tambaram,1008,735,273
Nungambakkam,852,804,48
Sholinganallur,1223,837,386
Ambattur,551,358,193
Sholinganallur,727,716,11
Perambur,1928,1604,324
Guindy,1154,1097,57
Royapettah,1457,1117,340
Tambaram,1279,1171,108
Mylapore,709,673,36
Perambur,1273,1208,65
Anna Nagar,314,254,60
Tambaram,1462,1254,208
T Nagar,829,675,154
Sholinganallur,869,547,322
Mylapore,295,197,98
Adyar,979,790,189
Perambur,1337,1234,103
Guindy,302,200,102
T Nagar,469,359,110
Adyar,247,244,3
Nungambakkam,1695,1290,405
Nungambakkam,1320,867,453
Sholinganallur,1440,1255,185
Mylapore,1569,1074,495
Kodambakkam,1096,1082,14
Sholinganallur,1404,1250,154
Royapettah,326,217,109
Nungambakkam,1936,1198,738
Perambur,1635,1053,582
Guindy,353,251,102
Ambattur,1539,1465,74
Mylapore,1194,760,434
Anna Nagar,652,509,143
Kodambakkam,1004,995,9
Ambattur,1393,855,538
Royapettah,1289,989,300
Chromepet,597,514,83
Porur,790,521,269
Ambattur,559,435,124
Guindy,1551,945,606
Tambaram,1284,888,396
Nungambakkam,1325,893,432
Tambaram,1903,1278,625
Ambattur,737,709,28
Ambattur,397,347,50
Velachery,854,725,129
Perambur,1295,1273,22
Chromepet,213,207,6
Anna Nagar,1626,1345,281
Sholinganallur,1738,1666,72
Sholinganallur,1677,1667,10
Adyar,806,694,112
T Nagar,1165,765,400
Adyar,663,658,5
Anna Nagar,294,210,84
Nungambakkam,740,579,161
Ambattur,622,533,89
T Nagar,879,635,244
Chromepet,419,360,59
Ambattur,1114,1064,50
Anna Nagar,1962,1825,137
Porur,1927,1902,25
Ambattur,1962,1793,169
Mylapore,1080,873,207
Ambattur,737,565,172
Guindy,986,651,335
Adyar,1747,1260,487
Ambattur,1561,1457,104
Nungambakkam,1992,1924,68
Porur,1236,913,323
Anna Nagar,620,434,186
Porur,1023,892,131
Tambaram,1559,1502,57
Perambur,1379,1131,248
T Nagar,872,553,319
Anna Nagar,1946,1319,627
Tambaram,1688,1047,641
Adyar,1826,1626,200
Anna Nagar,1537,1377,160
Adyar,284,274,10
Perambur,394,300,94
Adyar,1839,1251,588
Mylapore,726,505,221
Mylapore,1013,922,91
T Nagar,469,457,12
Adyar,349,335,14
Ambattur,1882,1440,442
Perambur,1376,1050,326
Ambattur,206,125,81
Ambattur,645,536,109
Adyar,248,214,34
Royapettah,1545,1378,167
Anna Nagar,952,707,245
Sholinganallur,915,638,277
Mylapore,1982,1228,754
Velachery,1571,1292,279
Anna Nagar,1195,1065,130
Adyar,1382,1055,327
Guindy,1085,654,431
Royapettah,267,188,79
Kodambakkam,1593,1033,560
Mylapore,563,337,226
Mylapore,774,593,181
Adyar,1926,1613,313
Mylapore,1467,1174,293
Guindy,444,381,63
T Nagar,1445,1048,397
Anna Nagar,810,664,146
Adyar,1475,1242,233
Tambaram,476,394,82
Perambur,307,197,110
Velachery,971,851,120
Perambur,779,534,245
Velachery,1264,882,382
Nungambakkam,1591,1403,188
Porur,1056,1033,23
Perambur,619,395,224
Porur,1989,1560,429
Chromepet,650,650,0
Kodambakkam,1198,718,480
Porur,698,603,95
Perambur,321,311,10
Tambaram,705,543,162
Chromepet,703,577,126
Adyar,1975,1281,694
T Nagar,749,492,257
Tambaram,1370,1094,276
Perambur,505,408,97
Anna Nagar,1510,1158,352
T Nagar,558,448,110
Anna Nagar,1956,1200,756
Kodambakkam,1145,918,227
Ambattur,333,199,134
T Nagar,1205,1133,72
Ambattur,530,371,159
Sholinganallur,243,154,89
Velachery,1581,1226,355
Mylapore,1117,906,211
Nungambakkam,1365,1216,149
Adyar,1438,1055,383
T Nagar,1152,1146,6
Sholinganallur,618,540,78
Royapettah,1013,808,205
Mylapore,618,424,194
Velachery,1558,1012,546
Adyar,744,468,276
T Nagar,806,779,27
Tambaram,1599,971,628
Chromepet,231,191,40
Anna Nagar,1100,944,156
Royapettah,708,510,198
Ambattur,1321,930,391
Royapettah,996,914,82
Sholinganallur,1054,826,228
Nungambakkam,415,372,43
Guindy,1950,1419,531
Velachery,1706,1337,369
Ambattur,1293,1068,225
Chromepet,1244,1132,112
Mylapore,937,911,26
Royapettah,1606,1504,102
Guindy,309,261,48
Tambaram,664,573,91
Tambaram,1811,1688,123
Sholinganallur,728,582,146
Sholinganallur,1485,1443,42
Adyar,1530,1089,441
Adyar,1384,923,461
Guindy,459,331,128
Velachery,1991,1264,727
Guindy,765,600,165
Porur,1025,763,262
Velachery,1383,1067,316
Velachery,987,895,92
Mylapore,1427,999,428
Chromepet,1410,1042,368
Sholinganallur,1333,1270,63
Ambattur,417,360,57
Royapettah,1231,1044,187
Guindy,1194,942,252
Guindy,1608,1340,268
Porur,736,734,2
Anna Nagar,1758,1359,399
Anna Nagar,1945,1822,123
Sholinganallur,423,290,133
T Nagar,1930,1329,601
Porur,1245,864,381
Adyar,652,464,188
Nungambakkam,1920,1535,385
Adyar,633,585,48
Chromepet,390,235,155
Guindy,538,393,145
Royapettah,958,750,208
Guindy,1758,1094,664
Kodambakkam,1892,1884,8
Chromepet,1761,1425,336
Perambur,1086,819,267
T Nagar,878,718,160
Porur,496,374,122
Ambattur,1648,1553,95
Velachery,1162,975,187
Royapettah,975,919,56
Kodambakkam,1280,1137,143
Guindy,1116,1107,9
Nungambakkam,274,190,84
Chromepet,331,235,96
T Nagar,963,659,304
Guindy,1532,1143,389
Ambattur,437,344,93
Nungambakkam,745,637,108
Velachery,1499,995,504
Nungambakkam,630,455,175
Perambur,1472,1181,291
Anna Nagar,465,433,32
Royapettah,1967,1847,120
Velachery,339,275,64
Kodambakkam,758,526,232
Porur,586,532,54
Ambattur,1811,1255,556
Adyar,1419,1331,88
Adyar,1948,1377,571
Sholinganallur,323,269,54
T Nagar,1789,1200,589
Royapettah,1128,864,264
T Nagar,974,643,331
Porur,698,420,278
T Nagar,1967,1892,75
T Nagar,599,359,240
Porur,1444,1334,110
Anna Nagar,510,461,49
Mylapore,1457,1075,382
Velachery,1770,1514,256
Guindy,1259,945,314
Porur,678,409,269
Anna Nagar,931,845,86
Guindy,1397,891,506
Chromepet,1834,1484,350
Sholinganallur,712,462,250
Royapettah,922,731,191
Guindy,901,710,191
Tambaram,842,634,208
Anna Nagar,942,610,332
Chromepet,1244,1117,127
Kodambakkam,463,391,72
Guindy,1341,1133,208
Guindy,1996,1278,718
Tambaram,1273,1105,168
Tambaram,1772,1295,477
Guindy,1865,1674,191
Mylapore,862,757,105
Adyar,761,499,262
Velachery,475,396,79
Velachery,1221,1209,12
Adyar,327,218,109
Mylapore,1610,1423,187
Kodambakkam,671,422,249
Tambaram,677,571,106
Velachery,1775,1637,138
Guindy,315,250,65
Perambur,1925,1560,365
Velachery,1084,835,249
Porur,1168,1105,63
Nungambakkam,461,453,8
Kodambakkam,1029,777,252
Velachery,1481,1120,361
Perambur,1530,1101,429
Tambaram,843,813,30
Chromepet,1258,955,303
Anna Nagar,1812,1672,140
Guindy,255,155,100
Kodambakkam,1550,943,607
Kodambakkam,566,527,39
T Nagar,693,433,260
Mylapore,656,544,112
Velachery,1265,943,322
Tambaram,1618,1373,245
Chromepet,1800,1373,427
Mylapore,435,265,170
Anna Nagar,275,194,81
T Nagar,1220,952,268
Anna Nagar,825,767,58
Perambur,1273,1092,181
Royapettah,328,228,100
Ambattur,1392,1185,207
Kodambakkam,913,618,295
T Nagar,912,874,38
Sholinganallur,1456,1352,104
Perambur,509,482,27
Guindy,933,758,175
Ambattur,1732,1083,649
Kodambakkam,1449,1276,173
Tambaram,1313,1136,177
Sholinganallur,1507,1144,363
Chromepet,1254,865,389
Porur,1932,1229,703
Porur,432,388,44
T Nagar,1198,1084,114
Velachery,1847,1227,620
Guindy,1957,1548,409
Chromepet,1516,1360,156
Royapettah,1651,1164,487
Anna Nagar,786,720,66
Royapettah,834,500,334
Porur,1497,1139,358
Anna Nagar,477,346,131
Royapettah,919,832,87
Nungambakkam,914,793,121
Nungambakkam,1723,1460,263
Sholinganallur,1927,1592,335
Tambaram,1387,1270,117
Ambattur,223,209,14
Nungambakkam,1098,1071,27
Kodambakkam,647,425,222
Tambaram,499,380,119
Anna Nagar,712,636,76
Kodambakkam,1383,978,405
Guindy,1453,1121,332
Porur,1931,1605,326
Adyar,1924,1418,506
Ambattur,705,676,29
Kodambakkam,518,364,154
Kodambakkam,1042,900,142
T Nagar,1126,955,171
Anna Nagar,1344,1140,204
Tambaram,1107,1093,14
Chromepet,1808,1295,513
Perambur,678,536,142
Kodambakkam,1993,1365,628
Anna Nagar,254,238,16
Royapettah,900,899,1
Nungambakkam,1101,716,385
Adyar,255,168,87
Royapettah,1811,1561,250
Chromepet,581,403,178
Sholinganallur,1577,1087,490
Perambur,696,568,128
Guindy,1665,1603,62
Sholinganallur,849,754,95
Velachery,510,438,72
Anna Nagar,1420,1344,76
Tambaram,924,730,194
Nungambakkam,770,673,97
Chromepet,1141,768,373
Tambaram,1549,1378,171
Perambur,456,315,141
Anna Nagar,1264,805,459
Perambur,1735,1205,530
Chromepet,420,281,139
Velachery,1423,947,476
Chromepet,1619,991,628
T Nagar,1754,1511,243
Kodambakkam,970,952,18
T Nagar,1710,1167,543
Porur,671,671,0
Guindy,1539,1160,379
Tambaram,624,406,218
T Nagar,1687,1244,443
Nungambakkam,910,876,34
Chromepet,1576,1055,521
Kodambakkam,347,209,138
Velachery,1466,1079,387
Velachery,1422,1314,108
Nungambakkam,1156,700,456
Kodambakkam,1733,1570,163
Porur,1946,1181,765
Sholinganallur,921,753,168
Velachery,1320,1104,216
Mylapore,958,686,272
T Nagar,245,170,75
Kodambakkam,1443,1343,100
Porur,1946,1833,113
Perambur,1101,662,439
Nungambakkam,1149,1090,59
Velachery,284,226,58
Adyar,1146,893,253
Ambattur,1772,1068,704
Kodambakkam,370,328,42
Mylapore,1238,1054,184
Perambur,1659,1456,203
T Nagar,1650,1144,506
Perambur,1385,911,474
Nungambakkam,876,611,265
Nungambakkam,891,700,191
Guindy,1502,1301,201
T Nagar,518,386,132
Mylapore,1326,802,524
Perambur,1680,1341,339
Velachery,993,609,384
Velachery,1561,1379,182
Anna Nagar,897,558,339
Nungambakkam,1614,1451,163
Royapettah,1464,990,474
Tambaram,1523,1054,469
Guindy,311,190,121
Porur,227,181,46
Nungambakkam,1425,1201,224
Velachery,1615,1581,34
Anna Nagar,369,242,127
Mylapore,1772,1675,97
Velachery,1250,1213,37
Tambaram,1248,1159,89
Tambaram,1619,1034,585
Mylapore,393,352,41
Tambaram,1474,1073,401
T Nagar,1513,1063,450
Perambur,866,538,328
Guindy,511,327,184
Adyar,733,538,195
Tambaram,990,832,158
Velachery,1250,1078,172
Anna Nagar,783,738,45
Sholinganallur,586,351,235
Porur,1942,1661,281
Porur,760,465,295
Anna Nagar,482,376,106
Sholinganallur,1065,755,310
Royapettah,1598,1139,459
Mylapore,1417,1049,368
Royapettah,577,490,87
T Nagar,941,606,335
Ambattur,381,321,60
Mylapore,1082,866,216
Nungambakkam,744,689,55
Guindy,238,155,83
Chromepet,1970,1930,40
Perambur,1121,897,224
Chromepet,1304,819,485
Guindy,1465,1399,66
Velachery,1511,1087,424
Royapettah,1417,1390,27
T Nagar,1362,989,373
Perambur,1208,1120,88
Velachery,1347,925,422
Kodambakkam,548,484,64
Anna Nagar,488,347,141
Chromepet,1245,1038,207
Chromepet,1769,1267,502
Nungambakkam,1151,695,456
Kodambakkam,687,435,252
Velachery,1623,1553,70
T Nagar,1184,749,435
Chromepet,1484,1443,41
Kodambakkam,1298,1013,285
Anna Nagar,1567,1482,85
Perambur,1386,1134,252
Tambaram,1335,1258,77
Nungambakkam,273,272,1
Ambattur,1972,1538,434
Sholinganallur,1267,1232,35
Mylapore,974,758,216
T Nagar,1104,1013,91
Mylapore,1441,1201,240
Adyar,689,487,202
Guindy,737,536,201
Ambattur,1304,1199,105
Ambattur,341,328,13
Kodambakkam,1507,933,574
Guindy,669,658,11
Tambaram,1152,1111,41
Nungambakkam,272,241,31
Chromepet,1834,1764,70
Ambattur,1230,1005,225
Perambur,1601,1530,71
T Nagar,1374,923,451
Anna Nagar,1681,1104,577
Tambaram,1780,1351,429
Sholinganallur,1973,1433,540
Velachery,324,288,36
Anna Nagar,259,240,19
Tambaram,462,368,94
Porur,270,194,76
Perambur,998,955,43
Ambattur,1610,1366,244
Porur,297,194,103
Tambaram,1378,1326,52
Perambur,1754,1544,210
Guindy,959,871,88
Anna Nagar,1009,817,192
Chromepet,376,262,114
Nungambakkam,1152,811,341
Adyar,685,615,70
Tambaram,972,813,159
Sholinganallur,280,246,34
Guindy,1422,1185,237
Royapettah,795,746,49
Mylapore,993,775,218
Sholinganallur,1564,1550,14
Royapettah,939,747,192
Velachery,1974,1837,137
Kodambakkam,1631,1504,127
Sholinganallur,752,590,162
T Nagar,912,584,328
Royapettah,1064,861,203
Perambur,1448,1085,363
Adyar,859,613,246
Royapettah,1004,760,244
Sholinganallur,321,219,102
Adyar,1722,1447,275
Perambur,953,878,75
Chromepet,494,335,159
T Nagar,914,606,308
Chromepet,1275,1153,122
Ambattur,350,282,68
Porur,1326,923,403
Ambattur,1094,985,109
Nungambakkam,1625,1007,618
Guindy,1197,919,278
T Nagar,463,439,24
Ambattur,1524,931,593
T Nagar,1091,729,362
Perambur,280,190,90
Kodambakkam,473,423,50
T Nagar,1086,652,434
Tambaram,1284,1173,111
Adyar,959,707,252
Ambattur,1108,753,355
Chromepet,1677,1619,58
Guindy,446,369,77
Chromepet,1765,1145,620
Velachery,583,559,24
Porur,1711,1105,606
Sholinganallur,513,364,149
Chromepet,1070,684,386
Nungambakkam,773,724,49
T Nagar,1008,624,384
Mylapore,348,233,115
Ambattur,683,527,156
Tambaram,1735,1127,608
Kodambakkam,768,614,154
Tambaram,816,556,260
Guindy,1474,1394,80
Royapettah,1182,796,386
Nungambakkam,1846,1627,219
Perambur,1519,996,523
Kodambakkam,1160,981,179
Perambur,756,743,13
Tambaram,930,614,316
Nungambakkam,1716,1223,493
Nungambakkam,1363,1144,219
Anna Nagar,1377,1225,152
Tambaram,233,144,89
Velachery,813,654,159
Anna Nagar,820,683,137
Mylapore,1117,910,207
Guindy,955,591,364
Perambur,1923,1706,217
T Nagar,698,683,15
Kodambakkam,1812,1514,298
Velachery,782,769,13
Royapettah,1326,1152,174
Chromepet,1523,1418,105
Sholinganallur,720,701,19
T Nagar,1680,1559,121
Velachery,583,474,109
Nungambakkam,1438,886,552
Chromepet,558,422,136
Sholinganallur,870,713,157
Ambattur,1931,1196,735
Kodambakkam,893,777,116
Tambaram,1271,1234,37
Sholinganallur,1758,1389,369
Velachery,1143,1091,52
Royapettah,1372,1161,211
Velachery,752,475,277
Guindy,1312,1038,274
T Nagar,547,533,14
Adyar,1667,1575,92
Guindy,1839,1276,563
Tambaram,1039,865,174
Ambattur,1432,1247,185
Mylapore,1231,905,326
Porur,1778,1693,85
Nungambakkam,714,574,140
Adyar,1474,1212,262
Anna Nagar,794,524,270
Guindy,944,933,11
Mylapore,677,506,171
Tambaram,1772,1134,638
Mylapore,1548,1163,385
Kodambakkam,1186,831,355
Adyar,1112,887,225
Anna Nagar,1262,1153,109
Perambur,476,436,40
Sholinganallur,1482,1245,237
Perambur,700,464,236
Mylapore,796,775,21
Chromepet,1645,1517,128
Mylapore,233,210,23
Guindy,1364,1243,121
Anna Nagar,831,803,28
Perambur,1358,1213,145
T Nagar,1984,1454,530
Sholinganallur,862,635,227
Guindy,1562,1033,529
Anna Nagar,924,570,354
Ambattur,1348,1050,298
Royapettah,1596,1241,355
T Nagar,782,628,154
Anna Nagar,927,722,205
Perambur,560,351,209
T Nagar,697,486,211
Sholinganallur,1589,1466,123
Sholinganallur,1274,1260,14
Royapettah,1656,1334,322
Nungambakkam,1751,1355,396
Ambattur,1625,1419,206
Nungambakkam,1985,1375,610
Mylapore,808,759,49
Sholinganallur,897,732,165
Mylapore,1534,1297,237
Adyar,1025,953,72
Perambur,1296,1267,29
Anna Nagar,1943,1324,619
Guindy,777,625,152
Anna Nagar,1134,1117,17
Tambaram,459,347,112
Adyar,1388,1240,148
Tambaram,986,862,124
T Nagar,407,263,144
Tambaram,223,166,57
Royapettah,350,289,61
Velachery,208,174,34
Guindy,1547,1532,15
Porur,300,292,8
Sholinganallur,1707,1509,198
Adyar,1906,1255,651
Porur,892,719,173
Ambattur,1568,1086,482
Mylapore,420,367,53
Nungambakkam,725,442,283
Porur,1067,949,118
Sholinganallur,1210,914,296
Velachery,1108,1073,35
T Nagar,1582,1106,476
Chromepet,1142,949,193
Perambur,862,644,218
Porur,1245,828,417
Velachery,1377,932,445
Tambaram,492,442,50
Perambur,553,453,100
Mylapore,958,839,119
Adyar,1197,858,339
Chromepet,292,188,104
Velachery,354,341,13
Anna Nagar,1510,1098,412
Velachery,963,597,366
Royapettah,392,319,73
Guindy,1660,1313,347
Perambur,1062,665,397
Anna Nagar,1379,1377,2
Porur,1476,1250,226
Ambattur,1149,828,321
Royapettah,1358,982,376
Chromepet,1016,931,85
Perambur,481,317,164
Adyar,1335,1284,51
Ambattur,1276,1101,175
Velachery,276,224,52
Royapettah,1088,726,362
Perambur,291,221,70
Ambattur,1188,718,470
Adyar,828,597,231
Sholinganallur,465,419,46
Guindy,567,499,68
Mylapore,1799,1109,690
T Nagar,1479,903,576
Tambaram,1036,728,308
Porur,271,223,48
Chromepet,906,776,130
Sholinganallur,693,682,11
Perambur,1736,1433,303
Sholinganallur,1898,1145,753
Sholinganallur,240,156,84
Mylapore,1662,1064,598
Nungambakkam,1379,905,474
Anna Nagar,1221,862,359
Ambattur,962,577,385
Adyar,1298,1168,130
Ambattur,1047,1039,8
Adyar,503,355,148
Kodambakkam,810,728,82
Sholinganallur,1632,1476,156
Chromepet,1824,1388,436
Anna Nagar,1078,908,170
Sholinganallur,1618,1161,457
Sholinganallur,1612,1559,53
Anna Nagar,518,513,5
Anna Nagar,1566,1188,378
Guindy,1946,1169,777
Anna Nagar,453,310,143
Ambattur,305,191,114
Royapettah,953,666,287
Guindy,965,772,193
Royapettah,460,282,178
Adyar,1160,932,228
Perambur,821,655,166
Adyar,1490,1276,214
Royapettah,636,522,114
Sholinganallur,1115,856,259
Mylapore,883,872,11
Adyar,412,260,152
Sholinganallur,498,441,57
Tambaram,515,317,198
Royapettah,647,456,191
Mylapore,782,694,88
Royapettah,1895,1785,110
Guindy,880,605,275
Ambattur,636,619,17
Velachery,743,671,72
Mylapore,1469,1136,333
Royapettah,1193,786,407
Tambaram,1881,1396,485
Perambur,731,565,166
Guindy,785,474,311
Tambaram,933,572,361
Nungambakkam,771,506,265
Perambur,1113,806,307
Guindy,321,230,91
Kodambakkam,781,587,194
Mylapore,795,518,277
Mylapore,694,462,232
Velachery,819,790,29
T Nagar,624,620,4
Porur,716,568,148
Ambattur,1136,710,426
Porur,577,566,11
Guindy,252,242,10
Nungambakkam,1419,1089,330
Porur,754,522,232
Kodambakkam,1547,1080,467
Porur,652,631,21
Mylapore,848,821,27
Kodambakkam,922,843,79
Ambattur,622,528,94
Chromepet,482,470,12
Sholinganallur,669,666,3
Kodambakkam,257,174,83
Perambur,1215,1020,195
Ambattur,328,305,23
Chromepet,1670,1118,552
Chromepet,1027,981,46
Chromepet,1208,945,263
Velachery,1602,1374,228
Sholinganallur,1339,1267,72
Tambaram,1644,1524,120
Kodambakkam,1834,1228,606
Kodambakkam,1186,1095,91
Guindy,842,648,194
Chromepet,1981,1473,508
Porur,449,353,96
Porur,1005,857,148
Porur,679,565,114
Kodambakkam,634,476,158
Perambur,553,528,25
Nungambakkam,446,433,13
Anna Nagar,1893,1301,592
Royapettah,1867,1542,325
Porur,804,672,132
Velachery,392,298,94
Adyar,1533,1060,473
Nungambakkam,528,347,181
Porur,715,601,114
Mylapore,1286,842,444
Perambur,567,461,106
Adyar,1303,1092,211
Ambattur,964,833,131
Guindy,1415,1205,210
Tambaram,217,206,11
Royapettah,955,647,308
Kodambakkam,248,231,17
Guindy,1287,947,340
Guindy,366,313,53
Anna Nagar,1329,919,410
Mylapore,793,539,254
Adyar,498,456,42
Royapettah,953,589,364
Chromepet,1068,995,73
Ambattur,1345,819,526
Nungambakkam,981,882,99
Velachery,1977,1617,360
Velachery,898,764,134
Chromepet,423,396,27
Nungambakkam,1906,1413,493
Perambur,1644,1477,167
Kodambakkam,1376,1366,10
Sholinganallur,1457,963,494
Sholinganallur,875,769,106
Tambaram,1311,1082,229
Sholinganallur,1662,1180,482
Anna Nagar,767,557,210
Adyar,1389,897,492
Porur,1717,1648,69
Kodambakkam,1779,1460,319
Perambur,1699,1246,453
Nungambakkam,1129,970,159
Chromepet,1212,1163,49
Perambur,1264,856,408
Velachery,1709,1495,214
Kodambakkam,660,613,47
Porur,798,727,71
Tambaram,1491,1366,125
Guindy,925,865,60
Guindy,1720,1371,349
Porur,344,333,11
Mylapore,1254,1158,96
Chromepet,496,422,74
Nungambakkam,1388,1130,258
Guindy,1007,835,172
Nungambakkam,1303,1025,278
Kodambakkam,1572,1330,242
Nungambakkam,1803,1377,426
Mylapore,690,679,11
Tambaram,943,868,75
T Nagar,1760,1265,495
Mylapore,363,260,103
Nungambakkam,651,500,151
Nungambakkam,1165,854,311
Velachery,1890,1751,139
Sholinganallur,1567,1056,511
Anna Nagar,681,423,258
Tambaram,1812,1240,572
Velachery,1673,1073,600
Perambur,1657,1260,397
Nungambakkam,1367,1234,133
Guindy,1580,1351,229
Sholinganallur,811,705,106
Adyar,1095,1016,79
Perambur,1499,1047,452
Mylapore,1130,769,361
Perambur,1357,1006,351
Anna Nagar,1064,1029,35
Anna Nagar,1068,655,413
Sholinganallur,912,769,143
Kodambakkam,1601,1064,537
Adyar,1824,1569,255
Royapettah,892,579,313
Tambaram,1875,1737,138
T Nagar,344,210,134
Anna Nagar,1654,1424,230
Chromepet,425,257,168
Anna Nagar,1786,1715,71
T Nagar,1257,807,450
Nungambakkam,1272,1226,46
Perambur,1083,723,360
Mylapore,708,515,193
Tambaram,1084,682,402
Velachery,1957,1763,194
Perambur,1142,837,305
Mylapore,1587,1456,131
Guindy,698,621,77
Adyar,1636,1513,123
Guindy,917,660,257
Kodambakkam,1258,1016,242
Anna Nagar,1291,891,400
Adyar,1292,1078,214
Mylapore,1572,1345,227
Nungambakkam,1038,696,342
Velachery,1734,1214,520
Adyar,753,538,215
Royapettah,596,491,105
Porur,259,219,40
Velachery,1713,1644,69
Ambattur,423,364,59
Perambur,1017,894,123
Kodambakkam,528,500,28
Kodambakkam,682,436,246
Kodambakkam,1666,1429,237
Royapettah,1281,1098,183
Ambattur,742,651,91
Guindy,1995,1891,104
Nungambakkam,989,863,126
Mylapore,943,660,283
Nungambakkam,317,301,16
T Nagar,1378,1219,159
T Nagar,374,329,45
Adyar,338,282,56
Chromepet,866,692,174
Guindy,1601,1539,62
Royapettah,451,275,176
Porur,1104,902,202
Porur,1226,1174,52
Porur,940,882,58
Tambaram,1805,1674,131
Kodambakkam,1909,1363,546
Mylapore,438,419,19
Anna Nagar,1368,1134,234
Kodambakkam,1358,846,512
Tambaram,218,210,8
Adyar,1843,1382,461
Nungambakkam,1248,1230,18
Velachery,324,281,43
Adyar,245,188,57
Kodambakkam,450,387,63
Sholinganallur,297,189,108
Chromepet,675,645,30
Velachery,525,442,83
Nungambakkam,318,242,76
Nungambakkam,1553,1282,271
Ambattur,480,290,190
Guindy,717,460,257
Porur,1003,607,396
Chromepet,1442,913,529
Royapettah,387,232,155
T Nagar,1834,1503,331
Anna Nagar,1160,777,383
Guindy,1371,1050,321
Porur,1851,1672,179
Chromepet,858,800,58
Tambaram,783,704,79
Guindy,1147,1070,77
Royapettah,1985,1921,64
Mylapore,1915,1227,688
Chromepet,1403,972,431
Kodambakkam,807,560,247
Chromepet,1738,1147,591
Tambaram,1781,1678,103
Adyar,1067,1044,23
Porur,985,919,66
Nungambakkam,1258,876,382
Tambaram,1081,932,149
Nungambakkam,1374,838,536
Chromepet,1578,1114,464
T Nagar,1882,1551,331
Velachery,1137,949,188
Chromepet,408,258,150
Anna Nagar,781,716,65
Porur,1816,1464,352
Adyar,1471,1236,235
Velachery,1529,1171,358
Perambur,1684,1387,297
Adyar,1573,1562,11
Ambattur,732,699,33
Ambattur,1582,1015,567
Chromepet,696,607,89
Nungambakkam,1398,977,421
Nungambakkam,219,169,50
Velachery,1696,1364,332
Tambaram,1583,1548,35
Royapettah,926,789,137
Royapettah,1208,872,336
Ambattur,1559,1153,406
Kodambakkam,1121,839,282
Tambaram,1448,1407,41
T Nagar,623,449,174
Porur,661,480,181
Guindy,1653,1329,324
Velachery,645,439,206
Kodambakkam,760,694,66
Perambur,1448,1329,119
Anna Nagar,1325,906,419
Porur,734,441,293
Sholinganallur,786,484,302
Guindy,1247,921,326
Adyar,1357,1166,191
Anna Nagar,1102,802,300
Perambur,1396,1295,101
Anna Nagar,320,225,95
T Nagar,805,767,38
Nungambakkam,1490,1453,37
Mylapore,1612,1538,74
Royapettah,961,624,337
Royapettah,1339,1096,243
Anna Nagar,1970,1921,49
Porur,211,132,79
Anna Nagar,1190,951,239
Royapettah,1672,1350,322
Guindy,1616,1589,27
Chromepet,638,555,83
Tambaram,422,392,30
Adyar,390,264,126
Chromepet,1658,1354,304
Mylapore,1361,1121,240
Mylapore,1945,1448,497
Porur,1792,1579,213
Anna Nagar,533,491,42
Chromepet,1724,1159,565
Porur,906,694,212
Perambur,654,610,44
T Nagar,952,685,267
Sholinganallur,1796,1709,87
Nungambakkam,1515,936,579
Guindy,339,251,88
Kodambakkam,1927,1415,512
Kodambakkam,511,463,48
Ambattur,813,751,62
Chromepet,583,392,191
Tambaram,1180,877,303
Anna Nagar,1445,1332,113
Nungambakkam,1417,900,517
Porur,284,192,92
Chromepet,1530,1092,438
Guindy,366,312,54
Tambaram,445,382,63
Velachery,306,272,34
Velachery,1450,1039,411
T Nagar,480,307,173
Nungambakkam,1403,1308,95
Ambattur,1679,1049,630
Kodambakkam,883,750,133
Velachery,1377,1015,362
Velachery,1352,1170,182
Royapettah,1536,1304,232
Nungambakkam,816,652,164
Nungambakkam,757,683,74
Mylapore,467,334,133
Velachery,404,299,105
Porur,1559,1191,368
Nungambakkam,843,755,88
Kodambakkam,1980,1568,412
Chromepet,1839,1194,645
Guindy,1833,1118,715
Sholinganallur,1020,658,362
Adyar,1063,814,249
Anna Nagar,963,882,81
Porur,1467,1006,461
Anna Nagar,1424,948,476
Tambaram,505,491,14
Chromepet,1961,1703,258
Tambaram,951,883,68
T Nagar,686,602,84
Adyar,1381,854,527
Royapettah,1873,1552,321
Chromepet,202,135,67
Nungambakkam,840,540,300
Porur,382,235,147
Royapettah,458,309,149
Tambaram,1361,1118,243
Guindy,867,661,206
Porur,1613,1504,109
Guindy,873,807,66
T Nagar,865,835,30
Velachery,240,166,74
Perambur,1388,910,478
Ambattur,622,403,219
Ambattur,1920,1553,367
Anna Nagar,1267,885,382
Nungambakkam,661,615,46
Adyar,537,455,82
Kodambakkam,1147,840,307
Kodambakkam,1375,1286,89
Tambaram,1712,1566,146
Mylapore,1745,1608,137
Adyar,1965,1501,464
Ambattur,1342,910,432
Royapettah,576,569,7
Nungambakkam,1830,1389,441
Sholinganallur,1567,1466,101
Royapettah,657,541,116
Tambaram,1634,1506,128
Chromepet,1255,1108,147
Chromepet,1182,954,228
T Nagar,717,592,125
Tambaram,427,391,36
Perambur,1109,1045,64
Adyar,1069,1029,40
Anna Nagar,444,292,152
Sholinganallur,1057,922,135
Nungambakkam,1483,1483,0
Sholinganallur,297,275,22
Guindy,1909,1767,142
Porur,938,853,85
Sholinganallur,1426,1155,271
Kodambakkam,319,266,53
Perambur,1564,1411,153
Tambaram,1622,1215,407
Ambattur,1413,978,435
Porur,834,644,190
Velachery,1214,755,459
Sholinganallur,1081,985,96
Adyar,1224,962,262
Nungambakkam,373,290,83
Anna Nagar,253,152,101
Guindy,1140,1096,44
Kodambakkam,1469,1228,241
Adyar,645,397,248
Velachery,1614,1057,557
Mylapore,1675,1235,440
Perambur,1178,868,310
Nungambakkam,1727,1660,67
Perambur,460,315,145
Royapettah,1107,804,303
Sholinganallur,508,375,133
Guindy,845,520,325
Ambattur,330,257,73
Tambaram,415,286,129
Royapettah,1125,853,272
Ambattur,1839,1552,287
Perambur,901,868,33
Velachery,1114,966,148
Sholinganallur,1375,923,452
Porur,1379,1358,21
Royapettah,1208,1092,116
Perambur,548,438,110
Chromepet,1028,873,155
Mylapore,1329,1205,124
Kodambakkam,1751,1597,154
Porur,1849,1418,431
Mylapore,1570,1244,326
Ambattur,376,307,69
Velachery,536,496,40
Mylapore,1494,1349,145
Kodambakkam,1713,1590,123
Adyar,648,543,105
Guindy,1236,980,256
Royapettah,407,360,47
Adyar,1766,1162,604
Guindy,1388,867,521
Ambattur,540,512,28
Nungambakkam,276,171,105
Chromepet,1371,981,390
Kodambakkam,1569,1206,363
Mylapore,1205,845,360
Sholinganallur,275,246,29
Porur,1454,1383,71
Nungambakkam,940,695,245
Kodambakkam,1090,1020,70
Royapettah,1891,1540,351
Tambaram,485,448,37
Chromepet,1915,1844,71
Royapettah,1602,1244,358
Nungambakkam,1113,893,220
Porur,1697,1527,170
Anna Nagar,1278,1037,241
Velachery,1324,944,380
T Nagar,613,401,212
T Nagar,1049,977,72
Guindy,634,388,246
Chromepet,599,360,239
Kodambakkam,233,166,67
Sholinganallur,240,173,67
Mylapore,344,262,82
Ambattur,1888,1823,65
Velachery,489,382,107
Porur,355,319,36
Adyar,221,206,15
Ambattur,1185,1001,184
Adyar,596,367,229
Sholinganallur,1976,1710,266
Kodambakkam,643,579,64
Mylapore,1706,1437,269
Chromepet,728,617,111
Perambur,868,600,268
Mylapore,1707,1262,445
Guindy,1192,1041,151
T Nagar,1178,1040,138
T Nagar,1469,996,473
Kodambakkam,420,327,93
Mylapore,797,790,7
Royapettah,835,669,166
Tambaram,451,279,172
Porur,1315,1123,192
Velachery,926,702,224
Anna Nagar,597,376,221
Perambur,1078,773,305
Chromepet,1924,1313,611
Adyar,811,546,265
Guindy,772,700,72
Ambattur,1713,1671,42
Anna Nagar,1765,1749,16
Porur,818,765,53
Nungambakkam,407,402,5
Sholinganallur,1381,950,431
Chromepet,1856,1782,74
Adyar,1797,1601,196
Porur,1290,805,485
Chromepet,1382,1256,126
Perambur,1388,1059,329
Porur,1417,989,428
T Nagar,580,508,72
Ambattur,470,305,165
Mylapore,1153,797,356
Perambur,1909,1245,664
Kodambakkam,454,435,19
Mylapore,760,520,240
Perambur,1957,1303,654
Nungambakkam,715,518,197
Sholinganallur,1733,1064,669
Porur,1868,1204,664
Nungambakkam,756,571,185
Royapettah,1987,1820,167
Ambattur,1173,978,195
Perambur,1868,1602,266
Velachery,454,339,115
Porur,1459,1278,181
Ambattur,1943,1822,121
Perambur,1317,1130,187
Sholinganallur,636,605,31
Kodambakkam,892,703,189
T Nagar,752,662,90
Chromepet,941,800,141
Sholinganallur,1388,1354,34
Ambattur,926,685,241
Chromepet,1854,1757,97
Nungambakkam,1082,1060,22
Adyar,1803,1503,300
Anna Nagar,1069,1041,28
Velachery,1311,1122,189
Ambattur,1952,1384,568
Perambur,1729,1336,393
T Nagar,975,947,28
T Nagar,970,943,27
Perambur,1912,1869,43
Sholinganallur,1640,1402,238
Anna Nagar,1797,1743,54
Nungambakkam,1897,1241,656
Adyar,1152,1142,10
Adyar,238,233,5
Royapettah,314,209,105
Porur,1782,1352,430
Adyar,1351,1027,324
Adyar,1583,1548,35
Chromepet,1617,1030,587
Anna Nagar,1395,947,448
Mylapore,1308,785,523
T Nagar,1935,1529,406
Mylapore,934,627,307
Tambaram,1419,1030,389
Perambur,1220,1145,75
Chromepet,1074,752,322
Ambattur,876,866,10
Mylapore,1273,827,446
Anna Nagar,499,465,34
Anna Nagar,1631,1200,431
Adyar,1497,994,503
Tambaram,1781,1331,450
Adyar,1008,972,36
Sholinganallur,211,126,85
Chromepet,636,619,17
Tambaram,911,677,234
Nungambakkam,1370,1357,13
Mylapore,1511,1120,391
Ambattur,250,202,48
Mylapore,1785,1582,203
Guindy,1407,1098,309
Kodambakkam,1823,1401,422
Ambattur,1283,1121,162
Kodambakkam,1353,1131,222
Royapettah,750,601,149
Guindy,973,949,24
Tambaram,925,571,354
Porur,488,426,62
Tambaram,1805,1256,549
Sholinganallur,728,592,136
Royapettah,1282,1158,124
Perambur,379,256,123
Nungambakkam,523,499,24
Sholinganallur,566,524,42
Guindy,203,191,12
T Nagar,1272,1200,72
Guindy,1169,815,354
Nungambakkam,471,335,136
Porur,252,177,75
T Nagar,1211,831,380
Sholinganallur,1593,1237,356
Ambattur,1801,1425,376
Ambattur,747,627,120
T Nagar,742,617,125
Sholinganallur,1016,857,159
Adyar,580,472,108
Guindy,764,522,242
Royapettah,532,430,102
Anna Nagar,1328,904,424
Kodambakkam,1947,1338,609
T Nagar,1632,1308,324
Chromepet,844,540,304
Perambur,550,547,3
Porur,1739,1678,61
Kodambakkam,260,259,1
Sholinganallur,1832,1821,11
Ambattur,1552,1266,286
T Nagar,1619,1109,510
Guindy,1330,882,448
Chromepet,1387,1250,137
Royapettah,253,238,15
Tambaram,1858,1222,636
Chromepet,1358,1262,96
Perambur,550,404,146
Ambattur,1241,1136,105
Chromepet,1614,1261,353
Ambattur,441,286,155
Adyar,1877,1625,252
Tambaram,889,591,298
Tambaram,1700,1134,566
Royapettah,1775,1552,223
Ambattur,280,216,64
Adyar,1755,1571,184
Anna Nagar,977,714,263
Anna Nagar,1903,1842,61
Porur,987,935,52
Velachery,1661,1314,347
Porur,1266,888,378
Ambattur,812,527,285
Chromepet,1640,1269,371
Velachery,1266,1111,155
Mylapore,697,604,93
Ambattur,1269,836,433
Tambaram,579,363,216
Nungambakkam,971,797,174
Nungambakkam,1661,1503,158
Anna Nagar,1356,1003,353
Tambaram,1103,811,292
Royapettah,367,302,65
Nungambakkam,967,803,164
Royapettah,428,309,119
Ambattur,587,523,64
Chromepet,770,711,59
Adyar,1581,1095,486
Guindy,647,499,148
Royapettah,1031,944,87
Tambaram,786,524,262
Chromepet,974,699,275
Kodambakkam,1437,1171,266
Ambattur,755,542,213
Tambaram,1926,1441,485
Sholinganallur,387,247,140
Mylapore,1418,920,498
T Nagar,1036,755,281
Nungambakkam,916,850,66
Guindy,1302,1116,186
Mylapore,288,175,113
Anna Nagar,227,208,19
Tambaram,1022,767,255
Sholinganallur,1290,1232,58
Sholinganallur,1644,1526,118
Kodambakkam,854,754,100
Perambur,1743,1324,419
Perambur,548,337,211
Ambattur,1026,874,152
Tambaram,996,778,218
T Nagar,988,663,325
Tambaram,1681,1680,1
Chromepet,1751,1686,65
Guindy,507,461,46
T Nagar,776,657,119
Anna Nagar,349,254,95
Kodambakkam,849,674,175
Royapettah,1843,1700,143
Guindy,706,441,265
Royapettah,1723,1046,677
Guindy,1827,1807,20
Porur,1265,811,454
Kodambakkam,389,297,92
Ambattur,1694,1545,149
Royapettah,1167,1036,131
Ambattur,312,255,57
Perambur,1602,1370,232
Nungambakkam,1342,1214,128
Sholinganallur,676,490,186
Anna Nagar,893,775,118
Ambattur,1203,1127,76
Nungambakkam,355,352,3
Velachery,1228,1082,146
Adyar,1245,920,325
Kodambakkam,1579,1116,463
Tambaram,697,460,237
Guindy,328,313,15
Ambattur,1230,845,385
Perambur,820,579,241
Tambaram,610,477,133
Kodambakkam,1484,1236,248
Adyar,684,592,92
Kodambakkam,741,606,135
Sholinganallur,627,453,174
Tambaram,1022,891,131
Sholinganallur,335,299,36
Mylapore,1721,1715,6
Perambur,1214,1115,99
Tambaram,1423,967,456
Kodambakkam,1652,1574,78
Chromepet,669,610,59
Chromepet,1897,1301,596
Ambattur,1243,956,287
Tambaram,946,738,208
Sholinganallur,1643,1200,443
Chromepet,609,374,235
Kodambakkam,1110,1083,27
Porur,861,784,77
Nungambakkam,1823,1665,158
Tambaram,646,540,106
Adyar,888,782,106
Porur,1185,1142,43
Porur,849,540,309
Nungambakkam,439,394,45
Nungambakkam,1918,1857,61
Sholinganallur,1832,1382,450
Guindy,1210,899,311
Velachery,874,785,89
Mylapore,545,473,72
Porur,269,215,54
Kodambakkam,1313,944,369
Sholinganallur,1078,936,142
Kodambakkam,525,394,131
Porur,608,601,7
T Nagar,358,215,143
Nungambakkam,1514,931,583
Adyar,658,635,23
Mylapore,1338,1000,338
Adyar,922,887,35
Tambaram,614,375,239
Sholinganallur,1679,1278,401
Royapettah,252,152,100
Perambur,399,294,105
T Nagar,1534,1323,211
Adyar,1738,1724,14
Royapettah,853,682,171
Velachery,1125,900,225
Adyar,1330,904,426
Nungambakkam,1705,1082,623
Nungambakkam,359,345,14
Velachery,1431,1186,245
Tambaram,430,406,24
Velachery,441,417,24
Royapettah,354,351,3
Kodambakkam,1380,903,477
Ambattur,675,485,190
Kodambakkam,369,293,76
Chromepet,1601,1439,162
Mylapore,449,377,72
Ambattur,1144,843,301
Ambattur,1592,992,600
Kodambakkam,379,375,4
Sholinganallur,1234,1172,62
Guindy,305,233,72
Tambaram,1853,1444,409
Royapettah,1023,760,263
T Nagar,1067,910,157
Perambur,508,327,181
Porur,868,605,263
Guindy,1021,667,354
Guindy,1751,1370,381
Guindy,1130,1110,20
Tambaram,1850,1843,7
Anna Nagar,537,381,156
Adyar,1403,1399,4
Guindy,1353,1160,193
Chromepet,280,193,87
Royapettah,1513,1237,276
Sholinganallur,773,702,71
T Nagar,635,419,216
Kodambakkam,927,707,220
Ambattur,362,341,21
Royapettah,1237,985,252
Porur,324,229,95
Perambur,336,243,93
Velachery,221,175,46
Chromepet,466,300,166
T Nagar,1939,1686,253
Ambattur,1818,1650,168
Sholinganallur,758,713,45
Velachery,480,333,147
Tambaram,879,581,298
Porur,741,551,190
T Nagar,656,605,51
Tambaram,873,794,79
Ambattur,405,301,104
Velachery,425,322,103
Anna Nagar,1005,634,371
Kodambakkam,896,634,262
Porur,1738,1130,608
Nungambakkam,257,232,25
Velachery,1857,1361,496
Royapettah,245,178,67
Ambattur,550,374,176
Nungambakkam,1796,1535,261
T Nagar,588,466,122
Royapettah,1405,875,530
Porur,1351,980,371
Ambattur,1021,908,113
Sholinganallur,1978,1348,630
Nungambakkam,1248,748,500
Tambaram,1730,1460,270
Velachery,1331,937,394
Mylapore,1581,975,606
Tambaram,1111,857,254
Chromepet,741,684,57
Kodambakkam,1835,1293,542
Guindy,1486,1432,54
Chromepet,381,271,110
T Nagar,573,539,34
Nungambakkam,426,367,59
T Nagar,506,384,122
T Nagar,1418,1059,359
Kodambakkam,329,321,8
Nungambakkam,1288,1200,88
Nungambakkam,557,547,10
Nungambakkam,815,814,1
Porur,356,286,70
Mylapore,1077,827,250
Royapettah,595,451,144
Guindy,904,637,267
Porur,1937,1440,497
Adyar,1746,1106,640
Sholinganallur,1658,1443,215
Porur,264,186,78
Velachery,1633,1034,599
Ambattur,338,220,118
Guindy,582,421,161
Royapettah,1316,1249,67
Mylapore,1902,1880,22
Nungambakkam,334,312,22
Kodambakkam,1991,1693,298
Ambattur,1400,1213,187
Velachery,813,557,256
Chromepet,1081,846,235
Royapettah,339,250,89
Perambur,272,188,84
Perambur,321,213,108
Nungambakkam,1732,1623,109
Perambur,1242,1157,85
Velachery,263,167,96
Sholinganallur,273,259,14
Adyar,1657,1374,283
Royapettah,790,619,171
Tambaram,597,554,43
Perambur,801,742,59
Guindy,1535,1432,103
Anna Nagar,1116,822,294
Porur,887,617,270
Perambur,1003,778,225
Adyar,1561,1004,557
Adyar,754,696,58
Perambur,646,475,171
Sholinganallur,356,250,106
Chromepet,1623,977,646
Chromepet,705,491,214
Perambur,1880,1719,161
T Nagar,307,298,9
Nungambakkam,984,948,36
Royapettah,1004,618,386
Anna Nagar,1449,1429,20
Sholinganallur,1158,1021,137
Royapettah,377,316,61
T Nagar,1188,962,226
Kodambakkam,1137,1013,124
Porur,1222,887,335
Velachery,553,452,101
Ambattur,1864,1368,496
Perambur,966,793,173
Sholinganallur,1226,827,399
Kodambakkam,264,179,85
Chromepet,1601,1365,236
Velachery,1803,1499,304
Velachery,1523,1431,92
Velachery,1990,1829,161
Guindy,1688,1602,86
Mylapore,1208,984,224
Perambur,1796,1158,638
Guindy,944,896,48
Adyar,555,472,83
Velachery,258,255,3
Chromepet,421,329,92
Velachery,354,326,28
Guindy,1778,1177,601
Sholinganallur,478,356,122
Kodambakkam,382,352,30
Guindy,544,370,174
Ambattur,1996,1376,620
Royapettah,1835,1694,141
Sholinganallur,1444,1429,15
Mylapore,1117,913,204
T Nagar,1091,1082,9
Sholinganallur,850,664,186
Velachery,1538,1093,445
Sholinganallur,1005,924,81
Royapettah,611,530,81
Ambattur,797,780,17
Guindy,228,152,76
Royapettah,365,305,60
Nungambakkam,1269,1175,94
Kodambakkam,1596,1083,513
Perambur,1995,1775,220
Adyar,755,506,249
Royapettah,1850,1170,680
Anna Nagar,772,706,66
Adyar,1978,1700,278
Guindy,1549,1284,265
T Nagar,252,167,85
Mylapore,1010,958,52
Velachery,1713,1636,77
T Nagar,317,316,1
Nungambakkam,468,413,55
Anna Nagar,410,405,5
Royapettah,422,406,16
Velachery,1249,1171,78
Porur,483,383,100
T Nagar,955,652,303
Kodambakkam,1441,1425,16
Sholinganallur,1662,1158,504
T Nagar,1878,1563,315
Kodambakkam,1703,1272,431
Guindy,1610,1242,368
Ambattur,1544,1074,470
Velachery,1191,1034,157
Kodambakkam,1088,679,409
Kodambakkam,1494,1132,362
Sholinganallur,383,359,24
Velachery,1307,868,439
Perambur,1159,1079,80
T Nagar,631,619,12
Guindy,1450,1220,230
Adyar,866,536,330
Anna Nagar,266,238,28
Mylapore,1262,1086,176
Kodambakkam,1485,1352,133
Kodambakkam,469,382,87
Kodambakkam,631,381,250
Perambur,1085,751,334
Chromepet,704,576,128
T Nagar,1063,642,421
Royapettah,911,566,345
Anna Nagar,1892,1232,660
Perambur,937,769,168
Nungambakkam,1755,1576,179
Velachery,1469,984,485
Anna Nagar,1997,1702,295
Kodambakkam,1730,1106,624
Guindy,884,705,179
Ambattur,336,275,61
Adyar,1436,1128,308
Sholinganallur,1521,1390,131
Mylapore,622,565,57
Guindy,1442,1076,366
Perambur,1471,1268,203
Perambur,214,190,24
Perambur,1003,911,92
Sholinganallur,1784,1186,598
Chromepet,559,518,41
Sholinganallur,1183,730,453
Royapettah,1960,1370,590
Perambur,435,263,172
T Nagar,236,201,35
Nungambakkam,1055,850,205
Kodambakkam,1721,1229,492
T Nagar,367,309,58
T Nagar,1905,1884,21
Adyar,963,754,209
Sholinganallur,693,544,149
Mylapore,300,226,74
Sholinganallur,1520,1311,209
Royapettah,336,296,40
Royapettah,1364,1273,91
Royapettah,477,433,44
Nungambakkam,1797,1091,706
Kodambakkam,1183,922,261
Adyar,1802,1235,567
Chromepet,359,311,48
Mylapore,963,924,39
Royapettah,1148,941,207
Sholinganallur,1079,910,169
Mylapore,1144,1040,104
Royapettah,583,405,178
Nungambakkam,1105,957,148
Nungambakkam,1934,1580,354
Porur,1738,1732,6
Ambattur,349,346,3
Nungambakkam,514,358,156
Ambattur,516,403,113
Porur,1954,1282,672
Kodambakkam,868,668,200
Mylapore,1068,697,371
Nungambakkam,404,402,2
Sholinganallur,1659,1041,618
Porur,738,457,281
Royapettah,1999,1244,755
Kodambakkam,1499,932,567
Porur,1350,1164,186
Anna Nagar,1989,1218,771
Royapettah,1990,1822,168
Chromepet,1626,1563,63
Adyar,601,421,180
Ambattur,1980,1857,123
Anna Nagar,1293,1088,205
Adyar,1610,1137,473
Velachery,908,629,279
Porur,1648,1161,487
Tambaram,888,562,326
Chromepet,1923,1884,39
Ambattur,1656,1211,445
Guindy,554,411,143
Velachery,1361,1144,217
Sholinganallur,1763,1676,87
Tambaram,890,646,244
Nungambakkam,1052,826,226
Guindy,1813,1233,580
Anna Nagar,1261,1168,93
Kodambakkam,1258,775,483
T Nagar,710,611,99
T Nagar,1490,1107,383
Velachery,1044,688,356
Adyar,1871,1348,523
Nungambakkam,1119,1041,78
Porur,1686,1642,44
Nungambakkam,884,879,5
Ambattur,1028,716,312
Sholinganallur,564,350,214
Sholinganallur,1339,1018,321
Velachery,1005,795,210
Nungambakkam,1173,930,243
Royapettah,648,566,82
Kodambakkam,1090,759,331
Perambur,1495,1460,35
Kodambakkam,1929,1346,583
Adyar,924,821,103
Perambur,1903,1807,96
Sholinganallur,1302,990,312
Sholinganallur,1926,1169,757
Royapettah,658,644,14
Mylapore,695,514,181
T Nagar,1826,1492,334
Royapettah,678,487,191
Guindy,1940,1175,765
T Nagar,1207,1143,64
Tambaram,1615,976,639
Guindy,1265,880,385
Anna Nagar,1058,654,404
Chromepet,1370,1012,358
T Nagar,341,283,58
Chromepet,912,784,128
Guindy,265,187,78
Perambur,823,505,318
Kodambakkam,1166,1046,120
Velachery,1727,1558,169
Nungambakkam,300,269,31
Mylapore,566,486,80
Perambur,1617,1573,44
Guindy,1974,1229,745
Guindy,1837,1228,609
Guindy,1232,774,458
Velachery,1048,949,99
Porur,786,768,18
Mylapore,1133,1031,102
Anna Nagar,1839,1344,495
T Nagar,811,811,0
Chromepet,1119,806,313
Anna Nagar,1476,1158,318
Royapettah,1996,1303,693
Guindy,899,625,274
Royapettah,686,578,108
Velachery,1269,870,399
Guindy,1759,1738,21
Kodambakkam,655,563,92
T Nagar,762,615,147
Mylapore,1104,924,180
Mylapore,317,242,75
Chromepet,1359,1122,237
Mylapore,1101,759,342
Adyar,1288,806,482
Royapettah,803,793,10
Porur,1706,1437,269
Royapettah,931,845,86
Kodambakkam,721,486,235
Nungambakkam,464,311,153
T Nagar,1156,705,451
Mylapore,1845,1216,629
Anna Nagar,1121,757,364
Porur,393,378,15
Velachery,1907,1750,157
Mylapore,969,666,303
Royapettah,1203,899,304
Adyar,1821,1219,602
Perambur,681,636,45
T Nagar,1308,1079,229
Perambur,1965,1654,311
Velachery,238,152,86
Tambaram,962,661,301
Mylapore,471,384,87
Velachery,1345,1318,27
Ambattur,871,669,202
Anna Nagar,1266,945,321
Anna Nagar,328,308,20
Sholinganallur,1903,1632,271
Chromepet,235,235,0
Kodambakkam,597,578,19
Chromepet,1792,1611,181
Kodambakkam,1458,1052,406
Nungambakkam,874,694,180
Nungambakkam,1173,1058,115
Perambur,1283,849,434
Mylapore,997,739,258
Sholinganallur,1708,1379,329
Nungambakkam,523,510,13
Perambur,1554,1207,347
Porur,1812,1423,389
Ambattur,1520,1283,237
Ambattur,1983,1606,377
Adyar,634,571,63
Ambattur,1779,1711,68
Mylapore,1198,905,293
Guindy,1820,1701,119
Adyar,1517,914,603
Sholinganallur,1462,1302,160
Guindy,1306,894,412
Kodambakkam,1403,1077,326
Sholinganallur,1766,1411,355
Chromepet,1804,1213,591
Ambattur,510,510,0
T Nagar,1955,1594,361
Velachery,1978,1498,480
Ambattur,807,622,185
Nungambakkam,453,447,6
T Nagar,246,232,14
Adyar,485,291,194
Chromepet,915,580,335
Sholinganallur,1940,1767,173
Adyar,1435,1384,51
Guindy,343,210,133
Ambattur,808,772,36
Ambattur,270,175,95
Sholinganallur,985,699,286
Sholinganallur,934,811,123
Sholinganallur,963,682,281
Tambaram,1423,951,472
Nungambakkam,508,379,129
Ambattur,205,169,36
Kodambakkam,1238,1002,236
Tambaram,1213,1096,117
T Nagar,798,496,302
Nungambakkam,789,768,21
Adyar,800,548,252
Tambaram,1035,747,288
Adyar,1720,1115,605
Guindy,1055,1045,10
Ambattur,403,315,88
Chromepet,598,580,18
Anna Nagar,1698,1257,441
Tambaram,862,587,275
Royapettah,742,556,186
Royapettah,1068,725,343
Mylapore,884,850,34
Ambattur,562,464,98
Nungambakkam,1410,1309,101
Guindy,293,257,36
Mylapore,1279,1207,72
Adyar,597,471,126
Ambattur,1165,992,173
Porur,1587,1101,486
T Nagar,999,932,67
Sholinganallur,294,275,19
Guindy,821,539,282
T Nagar,873,765,108
Kodambakkam,639,632,7
Sholinganallur,259,221,38
Tambaram,1269,1156,113
Velachery,1456,1177,279
Kodambakkam,800,569,231
Kodambakkam,894,537,357
Royapettah,628,386,242
Porur,1595,1357,238
Sholinganallur,1494,1052,442
Tambaram,1582,1013,569
Nungambakkam,1915,1646,269
Porur,1917,1556,361
T Nagar,1216,1136,80
Porur,1262,960,302
Velachery,520,462,58
Tambaram,760,701,59
Velachery,1708,1354,354
Tambaram,1583,1150,433
Royapettah,234,213,21
Velachery,1928,1447,481
Tambaram,1117,1090,27
Adyar,508,462,46
Sholinganallur,425,364,61
Ambattur,1849,1609,240
Tambaram,1589,1323,266
Velachery,613,450,163
Velachery,1845,1600,245
Mylapore,1154,1033,121
Royapettah,1260,912,348
Mylapore,1525,1214,311
Tambaram,705,688,17
Royapettah,1609,1329,280
Guindy,207,142,65
Adyar,738,737,1
Sholinganallur,1316,917,399
Chromepet,1274,1117,157
Anna Nagar,1850,1321,529
Kodambakkam,1750,1383,367
Adyar,1304,842,462
T Nagar,986,625,361
Nungambakkam,777,529,248
Anna Nagar,1204,778,426
Anna Nagar,1999,1258,741
T Nagar,1663,1445,218
Anna Nagar,1346,1102,244
Guindy,1452,1430,22
Nungambakkam,534,373,161
Porur,1223,1111,112
Ambattur,835,558,277
Chromepet,576,397,179
Tambaram,374,240,134
Guindy,1735,1718,17
Chromepet,1391,1385,6
Mylapore,1077,803,274
Guindy,822,653,169
Adyar,293,176,117
Chromepet,319,295,24
Sholinganallur,792,482,310
Ambattur,1328,1169,159
Tambaram,1500,1368,132
Kodambakkam,655,422,233
Ambattur,1292,1145,147
Velachery,204,134,70
Velachery,1633,1514,119
Royapettah,1919,1595,324
Porur,999,931,68
Velachery,593,513,80
Ambattur,668,467,201
Mylapore,1640,1542,98
Adyar,1183,754,429
Perambur,796,508,288
Sholinganallur,220,203,17
Adyar,848,581,267
T Nagar,758,479,279
Tambaram,1220,1082,138
Porur,1602,1080,522
Adyar,1448,1136,312
Mylapore,1935,1273,662
Mylapore,1153,786,367
Sholinganallur,1194,1060,134
Tambaram,1410,882,528
Adyar,1438,1251,187
Guindy,779,643,136
T Nagar,241,213,28
Ambattur,1715,1072,643
Royapettah,847,620,227
Porur,1141,737,404
Anna Nagar,423,375,48
Anna Nagar,316,223,93
Chromepet,291,274,17
Tambaram,1843,1381,462
Nungambakkam,733,645,88
Guindy,749,514,235
T Nagar,794,562,232
Velachery,487,411,76
Nungambakkam,1724,1189,535
Royapettah,426,281,145
Royapettah,1589,1313,276
Adyar,340,205,135
Kodambakkam,1329,970,359
T Nagar,1708,1346,362
Guindy,728,693,35
Perambur,1619,1343,276
Anna Nagar,1541,1194,347
Perambur,245,234,11
Velachery,1049,1018,31
Kodambakkam,1227,749,478
Adyar,1851,1539,312
Adyar,536,357,179
Mylapore,1936,1723,213
Anna Nagar,1396,1289,107
T Nagar,1093,943,150
Perambur,1281,1171,110
Royapettah,504,459,45
Chromepet,1522,1477,45
Mylapore,701,494,207
Sholinganallur,1746,1286,460
Perambur,1215,786,429
Sholinganallur,1106,979,127
Adyar,1080,1071,9
Chromepet,1410,1014,396
Adyar,1320,925,395
Tambaram,1637,1160,477
Anna Nagar,1446,1106,340
Perambur,511,445,66
Anna Nagar,462,338,124
Royapettah,1581,1280,301
Royapettah,1716,1318,398
Kodambakkam,1704,1123,581
Guindy,875,611,264
Ambattur,955,867,88
Chromepet,1904,1901,3
Adyar,1330,1288,42
Velachery,1230,774,456
Kodambakkam,303,195,108
Nungambakkam,1638,1337,301
Perambur,727,520,207
T Nagar,1937,1330,607
Nungambakkam,1297,845,452
Velachery,1450,1229,221
Perambur,1425,1389,36
Kodambakkam,1455,1110,345
Royapettah,395,262,133
Porur,782,479,303
Sholinganallur,1440,924,516
Perambur,716,585,131
Kodambakkam,1510,1231,279
Chromepet,1026,710,316
Porur,871,576,295
Tambaram,1194,1177,17
Porur,337,268,69
Guindy,1193,856,337
Tambaram,426,308,118
Velachery,853,557,296
Mylapore,1628,1174,454
Velachery,1370,1253,117
Chromepet,802,712,90
Royapettah,878,655,223
Velachery,262,238,24
Chromepet,238,209,29
Ambattur,434,362,72
Anna Nagar,1288,1039,249
Velachery,442,395,47
Tambaram,1694,1125,569
Porur,1941,1673,268
Guindy,1733,1402,331
Chromepet,856,841,15
Velachery,1801,1117,684
Chromepet,1057,948,109
Velachery,213,128,85
Velachery,1805,1498,307
Ambattur,1142,952,190
Velachery,1165,932,233
Nungambakkam,1111,825,286
Royapettah,1577,1527,50
Guindy,1595,1407,188
Tambaram,1445,1345,100
Royapettah,709,429,280
Ambattur,340,328,12
Anna Nagar,1120,1076,44
Velachery,1365,1078,287
T Nagar,1100,765,335
Sholinganallur,1090,934,156
Velachery,1120,1074,46
Velachery,1293,1194,99
Porur,1088,893,195
Perambur,383,266,117
Tambaram,611,422,189
Adyar,707,449,258
Guindy,870,705,165
Adyar,529,444,85
Chromepet,1522,997,525
Sholinganallur,1618,1001,617
Kodambakkam,787,484,303
Royapettah,255,181,74
Ambattur,1184,710,474
T Nagar,1281,1124,157
Mylapore,1581,1453,128
Perambur,723,706,17
Anna Nagar,1401,956,445
Royapettah,1406,1283,123
Guindy,948,784,164
Sholinganallur,760,651,109
Ambattur,1466,1333,133
Mylapore,1944,1769,175
Guindy,703,517,186
Sholinganallur,379,367,12
Velachery,1385,1161,224
Royapettah,663,541,122
Sholinganallur,611,412,199
Tambaram,1970,1252,718
Royapettah,381,289,92
Royapettah,1087,987,100
Mylapore,1329,1070,259
Chromepet,399,368,31
Chromepet,798,706,92
Anna Nagar,379,351,28
Sholinganallur,213,188,25
Guindy,1873,1581,292
Mylapore,1296,880,416
Nungambakkam,466,294,172
Chromepet,1318,920,398
Mylapore,1646,1366,280
Mylapore,1999,1376,623
Nungambakkam,976,927,49
Adyar,1476,1382,94
Chromepet,637,587,50
Nungambakkam,1074,685,389
Chromepet,1540,1318,222
Nungambakkam,1696,1588,108
Tambaram,1607,1497,110
Chromepet,1216,1174,42
Guindy,690,414,276
Porur,1974,1900,74
Mylapore,1562,1353,209
Royapettah,1758,1659,99
Kodambakkam,631,448,183
Kodambakkam,658,548,110
Sholinganallur,1859,1252,607
Nungambakkam,853,512,341
Nungambakkam,1892,1514,378
Perambur,933,742,191
Mylapore,1625,1330,295
Porur,874,582,292
Kodambakkam,1971,1762,209
Anna Nagar,547,537,10
Adyar,593,560,33
Porur,1747,1584,163
Kodambakkam,1338,1248,90
Anna Nagar,498,440,58
Kodambakkam,1221,1048,173
Porur,1178,961,217
Mylapore,1930,1721,209
Ambattur,1705,1119,586
Mylapore,1693,1324,369
Mylapore,1447,1136,311
Guindy,1126,760,366
Kodambakkam,1227,1051,176
Perambur,1121,1072,49
Mylapore,1025,881,144
Anna Nagar,1629,1090,539
Porur,1820,1095,725
T Nagar,604,556,48
Mylapore,1140,1086,54
Royapettah,1977,1462,515
Guindy,1003,860,143
Nungambakkam,1887,1460,427
Kodambakkam,1267,1131,136
Adyar,1509,1047,462
Mylapore,538,482,56
Kodambakkam,308,209,99
T Nagar,1237,992,245
Guindy,1117,990,127
Perambur,221,141,80
Porur,1846,1178,668
Tambaram,1403,905,498
Perambur,1430,1345,85
Guindy,572,474,98
Porur,1154,1108,46
Kodambakkam,1884,1828,56
Adyar,1872,1766,106
Kodambakkam,1722,1428,294
Velachery,1895,1849,46
Kodambakkam,1025,878,147
Nungambakkam,1820,1788,32
Anna Nagar,1042,755,287
Royapettah,1270,856,414
Adyar,1737,1630,107
T Nagar,519,330,189
Guindy,1698,1539,159
Anna Nagar,678,636,42
Sholinganallur,1031,657,374
Mylapore,1880,1183,697
Adyar,285,208,77
T Nagar,960,622,338
Velachery,1073,819,254
Chromepet,510,413,97
Nungambakkam,1737,1065,672
Chromepet,485,443,42
Velachery,492,319,173
Royapettah,856,830,26
Porur,505,445,60
Royapettah,347,293,54
Anna Nagar,1213,905,308
Velachery,691,526,165
Tambaram,1288,957,331
Guindy,775,556,219
Nungambakkam,662,419,243
Ambattur,420,287,133
Mylapore,1933,1823,110
Guindy,1410,1359,51
Anna Nagar,1065,947,118
Kodambakkam,543,448,95
Tambaram,1876,1565,311
Perambur,1888,1541,347
Sholinganallur,943,941,2
Velachery,1786,1091,695
Mylapore,1065,796,269
Kodambakkam,266,226,40
Perambur,789,709,80
Anna Nagar,1766,1543,223
Tambaram,1667,1594,73
Nungambakkam,941,816,125
Perambur,779,572,207
Adyar,1358,958,400
Perambur,677,596,81
Perambur,1027,748,279
Tambaram,658,548,110
Guindy,216,190,26
Guindy,1383,929,454
Mylapore,1364,983,381
Sholinganallur,501,358,143
Perambur,1857,1799,58
Mylapore,444,276,168
T Nagar,1116,911,205
Nungambakkam,480,316,164
Royapettah,1905,1190,715
Chromepet,593,420,173
Sholinganallur,1113,1034,79
Tambaram,256,246,10
Adyar,1315,1171,144
